PatientID,First_Name,Last_Name,DOB,Gender,Blood_Type,Zip_Code
PAT-3000,James,Smith,2/13/1980,Male,A+,91002
PAT-3001,John,Johnson,3/21/1980,Female,A-,91099
PAT-3002,Mary,Brown,4/27/1980,Non-binary,B+,91196
PAT-3003,Patricia,Taylor,6/3/1980,Male,B-,91293
PAT-3004,Robert,Anderson,7/10/1980,Female,O+,91390
PAT-3005,Linda,Thomas,8/16/1980,Non-binary,O-,91487
PAT-3006,Michael,Moore,9/22/1980,Male,AB+,91584
PAT-3007,Elizabeth,Jackson,10/29/1980,Female,AB-,91681
PAT-3008,James,Smith,12/5/1980,Non-binary,A+,91778
PAT-3009,John,Johnson,1/11/1981,Male,A-,91875
PAT-3010,Mary,Brown,2/17/1981,Female,B+,91972
PAT-3011,Patricia,Taylor,3/26/1981,Non-binary,B-,92069
PAT-3012,Robert,Anderson,5/2/1981,Male,O+,92166
PAT-3013,Linda,Thomas,6/8/1981,Female,O-,92263
PAT-3014,Michael,Moore,7/15/1981,Non-binary,AB+,92360
PAT-3015,Elizabeth,Jackson,8/21/1981,Male,AB-,92457
PAT-3016,James,Smith,9/27/1981,Female,A+,92554
PAT-3017,John,Johnson,11/3/1981,Non-binary,A-,92651
PAT-3018,Mary,Brown,12/10/1981,Male,B+,92748
PAT-3019,Patricia,Taylor,1/16/1982,Female,B-,92845
PAT-3020,Robert,Anderson,2/22/1982,Non-binary,O+,92942
PAT-3021,Linda,Thomas,3/31/1982,Male,O-,93039
PAT-3022,Michael,Moore,5/7/1982,Female,AB+,93136
PAT-3023,Elizabeth,Jackson,6/13/1982,Non-binary,AB-,93233
PAT-3024,James,Smith,7/20/1982,Male,A+,93330
PAT-3025,John,Johnson,8/26/1982,Female,A-,93427
PAT-3026,Mary,Brown,10/2/1982,Non-binary,B+,93524
PAT-3027,Patricia,Taylor,11/8/1982,Male,B-,93621
PAT-3028,Robert,Anderson,12/15/1982,Female,O+,93718
PAT-3029,Linda,Thomas,1/21/1983,Non-binary,O-,93815
PAT-3030,Michael,Moore,2/27/1983,Male,AB+,93912
PAT-3031,Elizabeth,Jackson,4/5/1983,Female,AB-,94009
PAT-3032,James,Smith,5/12/1983,Non-binary,A+,94106
PAT-3033,John,Johnson,6/18/1983,Male,A-,94203
PAT-3034,Mary,Brown,7/25/1983,Female,B+,94300
PAT-3035,Patricia,Taylor,8/31/1983,Non-binary,B-,94397
PAT-3036,Robert,Anderson,10/7/1983,Male,O+,94494
PAT-3037,Linda,Thomas,11/13/1983,Female,O-,94591
PAT-3038,Michael,Moore,12/20/1983,Non-binary,AB+,94688
PAT-3039,Elizabeth,Jackson,1/26/1984,Male,AB-,94785
PAT-3040,James,Smith,3/3/1984,Female,A+,94882
PAT-3041,John,Johnson,4/9/1984,Non-binary,A-,94979
PAT-3042,Mary,Brown,5/16/1984,Male,B+,95076
PAT-3043,Patricia,Taylor,6/22/1984,Female,B-,95173
PAT-3044,Robert,Anderson,7/29/1984,Non-binary,O+,95270
PAT-3045,Linda,Thomas,9/4/1984,Male,O-,95367
PAT-3046,Michael,Moore,10/11/1984,Female,AB+,95464
PAT-3047,Elizabeth,Jackson,11/17/1984,Non-binary,AB-,95561
PAT-3048,James,Smith,12/24/1984,Male,A+,95658
PAT-3049,John,Johnson,1/30/1985,Female,A-,95755
PAT-3050,Mary,Brown,3/8/1985,Non-binary,B+,95852
PAT-3051,Patricia,Taylor,4/14/1985,Male,B-,95949
PAT-3052,Robert,Anderson,5/21/1985,Female,O+,96046
PAT-3053,Linda,Thomas,6/27/1985,Non-binary,O-,96143
PAT-3054,Michael,Moore,8/3/1985,Male,AB+,96240
PAT-3055,Elizabeth,Jackson,9/9/1985,Female,AB-,96337
PAT-3056,James,Smith,10/16/1985,Non-binary,A+,96434
PAT-3057,John,Johnson,11/22/1985,Male,A-,96531
PAT-3058,Mary,Brown,12/29/1985,Female,B+,96628
PAT-3059,Patricia,Taylor,2/4/1986,Non-binary,B-,96725
PAT-3060,Robert,Anderson,3/13/1986,Male,O+,96822
PAT-3061,Linda,Thomas,4/19/1986,Female,O-,96919
PAT-3062,Michael,Moore,5/26/1986,Non-binary,AB+,97016
PAT-3063,Elizabeth,Jackson,7/2/1986,Male,AB-,97113
PAT-3064,James,Smith,8/8/1986,Female,A+,97210
PAT-3065,John,Johnson,9/14/1986,Non-binary,A-,97307
PAT-3066,Mary,Brown,10/21/1986,Male,B+,97404
PAT-3067,Patricia,Taylor,11/27/1986,Female,B-,97501
PAT-3068,Robert,Anderson,1/3/1987,Non-binary,O+,97598
PAT-3069,Linda,Thomas,2/9/1987,Male,O-,97695
PAT-3070,Michael,Moore,3/18/1987,Female,AB+,97792
PAT-3071,Elizabeth,Jackson,4/24/1987,Non-binary,AB-,97889
PAT-3072,James,Smith,5/31/1987,Male,A+,97986
PAT-3073,John,Johnson,7/7/1987,Female,A-,98083
PAT-3074,Mary,Brown,8/13/1987,Non-binary,B+,98180
PAT-3075,Patricia,Taylor,9/19/1987,Male,B-,98277
PAT-3076,Robert,Anderson,10/26/1987,Female,O+,98374
PAT-3077,Linda,Thomas,12/2/1987,Non-binary,O-,98471
PAT-3078,Michael,Moore,1/8/1988,Male,AB+,98568
PAT-3079,Elizabeth,Jackson,2/14/1988,Female,AB-,98665
PAT-3080,James,Smith,3/22/1988,Non-binary,A+,98762
PAT-3081,John,Johnson,4/28/1988,Male,A-,98859
PAT-3082,Mary,Brown,6/4/1988,Female,B+,98956
PAT-3083,Patricia,Taylor,7/11/1988,Non-binary,B-,99053
PAT-3084,Robert,Anderson,8/17/1988,Male,O+,99150
PAT-3085,Linda,Thomas,9/23/1988,Female,O-,99247
PAT-3086,Michael,Moore,10/30/1988,Non-binary,AB+,99344
PAT-3087,Elizabeth,Jackson,12/6/1988,Male,AB-,99441
PAT-3088,James,Smith,1/12/1989,Female,A+,99538
PAT-3089,John,Johnson,2/18/1989,Non-binary,A-,99635
PAT-3090,Mary,Brown,3/27/1989,Male,B+,99732
PAT-3091,Patricia,Taylor,5/3/1989,Female,B-,99829
PAT-3092,Robert,Anderson,6/9/1989,Non-binary,O+,99926
PAT-3093,Linda,Thomas,7/16/1989,Male,O-,00024
PAT-3094,Michael,Moore,8/22/1989,Female,AB+,00121
PAT-3095,Elizabeth,Jackson,9/28/1989,Non-binary,AB-,00218
PAT-3096,James,Smith,11/4/1989,Male,A+,00315
PAT-3097,John,Johnson,12/11/1989,Female,A-,00412
PAT-3098,Mary,Brown,1/17/1990,Non-binary,B+,00509
PAT-3099,Patricia,Taylor,2/23/1990,Male,B-,00606
PAT-3100,Robert,Anderson,4/1/1990,Female,O+,00703
PAT-3101,Linda,Thomas,5/8/1990,Non-binary,O-,00800
PAT-3102,Michael,Moore,6/14/1990,Male,AB+,00897
PAT-3103,Elizabeth,Jackson,7/21/1990,Female,AB-,00994
PAT-3104,James,Smith,8/27/1990,Non-binary,A+,01091
PAT-3105,John,Johnson,10/3/1990,Male,A-,01188
PAT-3106,Mary,Brown,11/9/1990,Female,B+,01285
PAT-3107,Patricia,Taylor,12/16/1990,Non-binary,B-,01382
PAT-3108,Robert,Anderson,1/22/1991,Male,O+,01479
PAT-3109,Linda,Thomas,2/28/1991,Female,O-,01576
PAT-3110,Michael,Moore,4/6/1991,Non-binary,AB+,01673
PAT-3111,Elizabeth,Jackson,5/13/1991,Male,AB-,01770
PAT-3112,James,Smith,6/19/1991,Female,A+,01867
PAT-3113,John,Johnson,7/26/1991,Non-binary,A-,01964
PAT-3114,Mary,Brown,9/1/1991,Male,B+,02061
PAT-3115,Patricia,Taylor,10/8/1991,Female,B-,02158
PAT-3116,Robert,Anderson,11/14/1991,Non-binary,O+,02255
PAT-3117,Linda,Thomas,12/21/1991,Male,O-,02352
PAT-3118,Michael,Moore,1/27/1992,Female,AB+,02449
PAT-3119,Elizabeth,Jackson,3/4/1992,Non-binary,AB-,02546
PAT-3120,James,Smith,4/10/1992,Male,A+,02643
PAT-3121,John,Johnson,5/17/1992,Female,A-,02740
PAT-3122,Mary,Brown,6/23/1992,Non-binary,B+,02837
PAT-3123,Patricia,Taylor,7/30/1992,Male,B-,02934
PAT-3124,Robert,Anderson,9/5/1992,Female,O+,03031
PAT-3125,Linda,Thomas,10/12/1992,Non-binary,O-,03128
PAT-3126,Michael,Moore,11/18/1992,Male,AB+,03225
PAT-3127,Elizabeth,Jackson,12/25/1992,Female,AB-,03322
PAT-3128,James,Smith,1/31/1993,Non-binary,A+,03419
PAT-3129,John,Johnson,3/9/1993,Male,A-,03516
PAT-3130,Mary,Brown,4/15/1993,Female,B+,03613
PAT-3131,Patricia,Taylor,5/22/1993,Non-binary,B-,03710
PAT-3132,Robert,Anderson,6/28/1993,Male,O+,03807
PAT-3133,Linda,Thomas,8/4/1993,Female,O-,03904
PAT-3134,Michael,Moore,9/10/1993,Non-binary,AB+,04001
PAT-3135,Elizabeth,Jackson,10/17/1993,Male,AB-,04098
PAT-3136,James,Smith,11/23/1993,Female,A+,04195
PAT-3137,John,Johnson,12/30/1993,Non-binary,A-,04292
PAT-3138,Mary,Brown,2/5/1994,Male,B+,04389
PAT-3139,Patricia,Taylor,3/14/1994,Female,B-,04486
PAT-3140,Robert,Anderson,4/20/1994,Non-binary,O+,04583
PAT-3141,Linda,Thomas,5/27/1994,Male,O-,04680
PAT-3142,Michael,Moore,7/3/1994,Female,AB+,04777
PAT-3143,Elizabeth,Jackson,8/9/1994,Non-binary,AB-,04874
PAT-3144,James,Smith,9/15/1994,Male,A+,04971
PAT-3145,John,Johnson,10/22/1994,Female,A-,05068
PAT-3146,Mary,Brown,11/28/1994,Non-binary,B+,05165
PAT-3147,Patricia,Taylor,1/4/1995,Male,B-,05262
PAT-3148,Robert,Anderson,2/10/1995,Female,O+,05359
PAT-3149,Linda,Thomas,3/19/1995,Non-binary,O-,05456
PAT-3150,Michael,Moore,4/25/1995,Male,AB+,05553
PAT-3151,Elizabeth,Jackson,6/1/1995,Female,AB-,05650
PAT-3152,James,Smith,7/8/1995,Non-binary,A+,05747
PAT-3153,John,Johnson,8/14/1995,Male,A-,05844
PAT-3154,Mary,Brown,9/20/1995,Female,B+,05941
PAT-3155,Patricia,Taylor,10/27/1995,Non-binary,B-,06038
PAT-3156,Robert,Anderson,12/3/1995,Male,O+,06135
PAT-3157,Linda,Thomas,1/9/1996,Female,O-,06232
PAT-3158,Michael,Moore,2/15/1996,Non-binary,AB+,06329
PAT-3159,Elizabeth,Jackson,3/23/1996,Male,AB-,06426
PAT-3160,James,Smith,4/29/1996,Female,A+,06523
PAT-3161,John,Johnson,6/5/1996,Non-binary,A-,06620
PAT-3162,Mary,Brown,7/12/1996,Male,B+,06717
PAT-3163,Patricia,Taylor,8/18/1996,Female,B-,06814
PAT-3164,Robert,Anderson,9/24/1996,Non-binary,O+,06911
PAT-3165,Linda,Thomas,10/31/1996,Male,O-,07008
PAT-3166,Michael,Moore,12/7/1996,Female,AB+,07105
PAT-3167,Elizabeth,Jackson,1/13/1997,Non-binary,AB-,07202
PAT-3168,James,Smith,2/19/1997,Male,A+,07299
PAT-3169,John,Johnson,3/28/1997,Female,A-,07396
PAT-3170,Mary,Brown,5/4/1997,Non-binary,B+,07493
PAT-3171,Patricia,Taylor,6/10/1997,Male,B-,07590
PAT-3172,Robert,Anderson,7/17/1997,Female,O+,07687
PAT-3173,Linda,Thomas,8/23/1997,Non-binary,O-,07784
PAT-3174,Michael,Moore,9/29/1997,Male,AB+,07881
PAT-3175,Elizabeth,Jackson,11/5/1997,Female,AB-,07978
PAT-3176,James,Smith,12/12/1997,Non-binary,A+,08075
PAT-3177,John,Johnson,1/18/1998,Male,A-,08172
PAT-3178,Mary,Brown,2/24/1998,Female,B+,08269
PAT-3179,Patricia,Taylor,4/2/1998,Non-binary,B-,08366
PAT-3180,Robert,Anderson,5/9/1998,Male,O+,08463
PAT-3181,Linda,Thomas,6/15/1998,Female,O-,08560
PAT-3182,Michael,Moore,7/22/1998,Non-binary,AB+,08657
PAT-3183,Elizabeth,Jackson,8/28/1998,Male,AB-,08754
PAT-3184,James,Smith,10/4/1998,Female,A+,08851
PAT-3185,John,Johnson,11/10/1998,Non-binary,A-,08948
PAT-3186,Mary,Brown,12/17/1998,Male,B+,09045
PAT-3187,Patricia,Taylor,1/23/1999,Female,B-,09142
PAT-3188,Robert,Anderson,3/1/1999,Non-binary,O+,09239
PAT-3189,Linda,Thomas,4/7/1999,Male,O-,09336
PAT-3190,Michael,Moore,5/14/1999,Female,AB+,09433
PAT-3191,Elizabeth,Jackson,6/20/1999,Non-binary,AB-,09530
PAT-3192,James,Smith,7/27/1999,Male,A+,09627
PAT-3193,John,Johnson,9/2/1999,Female,A-,09724
PAT-3194,Mary,Brown,10/9/1999,Non-binary,B+,09821
PAT-3195,Patricia,Taylor,11/15/1999,Male,B-,09918
PAT-3196,Robert,Anderson,12/22/1999,Female,O+,10015
PAT-3197,Linda,Thomas,1/28/2000,Non-binary,O-,10112
PAT-3198,Michael,Moore,3/5/2000,Male,AB+,10209
PAT-3199,Elizabeth,Jackson,4/11/2000,Female,AB-,10306
PAT-3200,James,Smith,5/18/2000,Non-binary,A+,10403
PAT-3201,John,Johnson,6/24/2000,Male,A-,10500
PAT-3202,Mary,Brown,7/31/2000,Female,B+,10597
PAT-3203,Patricia,Taylor,9/6/2000,Non-binary,B-,10694
PAT-3204,Robert,Anderson,10/13/2000,Male,O+,10791
PAT-3205,Linda,Thomas,11/19/2000,Female,O-,10888
PAT-3206,Michael,Moore,12/26/2000,Non-binary,AB+,10985
PAT-3207,Elizabeth,Jackson,2/1/2001,Male,AB-,11082
PAT-3208,James,Smith,3/10/2001,Female,A+,11179
PAT-3209,John,Johnson,4/16/2001,Non-binary,A-,11276
PAT-3210,Mary,Brown,5/23/2001,Male,B+,11373
PAT-3211,Patricia,Taylor,6/29/2001,Female,B-,11470
PAT-3212,Robert,Anderson,8/5/2001,Non-binary,O+,11567
PAT-3213,Linda,Thomas,9/11/2001,Male,O-,11664
PAT-3214,Michael,Moore,10/18/2001,Female,AB+,11761
PAT-3215,Elizabeth,Jackson,11/24/2001,Non-binary,AB-,11858
PAT-3216,James,Smith,12/31/2001,Male,A+,11955
PAT-3217,John,Johnson,2/6/2002,Female,A-,12052
PAT-3218,Mary,Brown,3/15/2002,Non-binary,B+,12149
PAT-3219,Patricia,Taylor,4/21/2002,Male,B-,12246
PAT-3220,Robert,Anderson,5/28/2002,Female,O+,12343
PAT-3221,Linda,Thomas,7/4/2002,Non-binary,O-,12440
PAT-3222,Michael,Moore,8/10/2002,Male,AB+,12537
PAT-3223,Elizabeth,Jackson,9/16/2002,Female,AB-,12634
PAT-3224,James,Smith,10/23/2002,Non-binary,A+,12731
PAT-3225,John,Johnson,11/29/2002,Male,A-,12828
PAT-3226,Mary,Brown,1/5/2003,Female,B+,12925
PAT-3227,Patricia,Taylor,2/11/2003,Non-binary,B-,13022
PAT-3228,Robert,Anderson,3/20/2003,Male,O+,13119
PAT-3229,Linda,Thomas,4/26/2003,Female,O-,13216
PAT-3230,Michael,Moore,6/2/2003,Non-binary,AB+,13313
PAT-3231,Elizabeth,Jackson,7/9/2003,Male,AB-,13410
PAT-3232,James,Smith,8/15/2003,Female,A+,13507
PAT-3233,John,Johnson,9/21/2003,Non-binary,A-,13604
PAT-3234,Mary,Brown,10/28/2003,Male,B+,13701
PAT-3235,Patricia,Taylor,12/4/2003,Female,B-,13798
PAT-3236,Robert,Anderson,1/10/2004,Non-binary,O+,13895
PAT-3237,Linda,Thomas,2/16/2004,Male,O-,13992
PAT-3238,Michael,Moore,3/24/2004,Female,AB+,14089
PAT-3239,Elizabeth,Jackson,4/30/2004,Non-binary,AB-,14186
PAT-3240,James,Smith,6/6/2004,Male,A+,14283
PAT-3241,John,Johnson,7/13/2004,Female,A-,14380
PAT-3242,Mary,Brown,8/19/2004,Non-binary,B+,14477
PAT-3243,Patricia,Taylor,9/25/2004,Male,B-,14574
PAT-3244,Robert,Anderson,11/1/2004,Female,O+,14671
PAT-3245,Linda,Thomas,12/8/2004,Non-binary,O-,14768
PAT-3246,Michael,Moore,1/14/2005,Male,AB+,14865
PAT-3247,Elizabeth,Jackson,2/20/2005,Female,AB-,14962
PAT-3248,James,Smith,3/29/2005,Non-binary,A+,15059
PAT-3249,John,Johnson,5/5/2005,Male,A-,15156
PAT-3250,Mary,Brown,6/11/2005,Female,B+,15253
PAT-3251,Patricia,Taylor,7/18/2005,Non-binary,B-,15350
PAT-3252,Robert,Anderson,8/24/2005,Male,O+,15447
PAT-3253,Linda,Thomas,9/30/2005,Female,O-,15544
PAT-3254,Michael,Moore,11/6/2005,Non-binary,AB+,15641
PAT-3255,Elizabeth,Jackson,12/13/2005,Male,AB-,15738
PAT-3256,James,Smith,1/19/2006,Female,A+,15835
PAT-3257,John,Johnson,2/25/2006,Non-binary,A-,15932
PAT-3258,Mary,Brown,4/3/2006,Male,B+,16029
PAT-3259,Patricia,Taylor,5/10/2006,Female,B-,16126
PAT-3260,Robert,Anderson,6/16/2006,Non-binary,O+,16223
PAT-3261,Linda,Thomas,7/23/2006,Male,O-,16320
PAT-3262,Michael,Moore,8/29/2006,Female,AB+,16417
PAT-3263,Elizabeth,Jackson,10/5/2006,Non-binary,AB-,16514
PAT-3264,James,Smith,11/11/2006,Male,A+,16611
PAT-3265,John,Johnson,12/18/2006,Female,A-,16708
PAT-3266,Mary,Brown,1/24/2007,Non-binary,B+,16805
PAT-3267,Patricia,Taylor,3/2/2007,Male,B-,16902
PAT-3268,Robert,Anderson,4/8/2007,Female,O+,16999
PAT-3269,Linda,Thomas,5/15/2007,Non-binary,O-,17096
PAT-3270,Michael,Moore,6/21/2007,Male,AB+,17193
PAT-3271,Elizabeth,Jackson,7/28/2007,Female,AB-,17290
PAT-3272,James,Smith,9/3/2007,Non-binary,A+,17387
PAT-3273,John,Johnson,10/10/2007,Male,A-,17484
PAT-3274,Mary,Brown,11/16/2007,Female,B+,17581
PAT-3275,Patricia,Taylor,12/23/2007,Non-binary,B-,17678
PAT-3276,Robert,Anderson,1/29/2008,Male,O+,17775
PAT-3277,Linda,Thomas,3/6/2008,Female,O-,17872
PAT-3278,Michael,Moore,4/12/2008,Non-binary,AB+,17969
PAT-3279,Elizabeth,Jackson,5/19/2008,Male,AB-,18066
PAT-3280,James,Smith,6/25/2008,Female,A+,18163
PAT-3281,John,Johnson,8/1/2008,Non-binary,A-,18260
PAT-3282,Mary,Brown,9/7/2008,Male,B+,18357
PAT-3283,Patricia,Taylor,10/14/2008,Female,B-,18454
PAT-3284,Robert,Anderson,11/20/2008,Non-binary,O+,18551
PAT-3285,Linda,Thomas,12/27/2008,Male,O-,18648
PAT-3286,Michael,Moore,2/2/2009,Female,AB+,18745
PAT-3287,Elizabeth,Jackson,3/11/2009,Non-binary,AB-,18842
PAT-3288,James,Smith,4/17/2009,Male,A+,18939
PAT-3289,John,Johnson,5/24/2009,Female,A-,19036
PAT-3290,Mary,Brown,6/30/2009,Non-binary,B+,19133
PAT-3291,Patricia,Taylor,8/6/2009,Male,B-,19230
PAT-3292,Robert,Anderson,9/12/2009,Female,O+,19327
PAT-3293,Linda,Thomas,10/19/2009,Non-binary,O-,19424
PAT-3294,Michael,Moore,11/25/2009,Male,AB+,19521
PAT-3295,Elizabeth,Jackson,1/1/2010,Female,AB-,19618
PAT-3296,James,Smith,2/7/2010,Non-binary,A+,19715
PAT-3297,John,Johnson,3/16/2010,Male,A-,19812
PAT-3298,Mary,Brown,4/22/2010,Female,B+,19909
PAT-3299,Patricia,Taylor,5/29/2010,Non-binary,B-,20006
PAT-3300,Robert,Anderson,7/5/2010,Male,O+,20103
PAT-3301,Linda,Thomas,8/11/2010,Female,O-,20200
PAT-3302,Michael,Moore,9/17/2010,Non-binary,AB+,20297
PAT-3303,Elizabeth,Jackson,10/24/2010,Male,AB-,20394
PAT-3304,James,Smith,11/30/2010,Female,A+,20491
PAT-3305,John,Johnson,1/6/2011,Non-binary,A-,20588
PAT-3306,Mary,Brown,2/12/2011,Male,B+,20685
PAT-3307,Patricia,Taylor,3/21/2011,Female,B-,20782
PAT-3308,Robert,Anderson,4/27/2011,Non-binary,O+,20879
PAT-3309,Linda,Thomas,6/3/2011,Male,O-,20976
PAT-3310,Michael,Moore,7/10/2011,Female,AB+,21073
PAT-3311,Elizabeth,Jackson,8/16/2011,Non-binary,AB-,21170
PAT-3312,James,Smith,9/22/2011,Male,A+,21267
PAT-3313,John,Johnson,10/29/2011,Female,A-,21364
PAT-3314,Mary,Brown,12/5/2011,Non-binary,B+,21461
PAT-3315,Patricia,Taylor,1/11/2012,Male,B-,21558
PAT-3316,Robert,Anderson,2/17/2012,Female,O+,21655
PAT-3317,Linda,Thomas,3/25/2012,Non-binary,O-,21752
PAT-3318,Michael,Moore,5/1/2012,Male,AB+,21849
PAT-3319,Elizabeth,Jackson,6/7/2012,Female,AB-,21946
PAT-3320,James,Smith,7/14/2012,Non-binary,A+,22043
PAT-3321,John,Johnson,8/20/2012,Male,A-,22140
PAT-3322,Mary,Brown,9/26/2012,Female,B+,22237
PAT-3323,Patricia,Taylor,11/2/2012,Non-binary,B-,22334
PAT-3324,Robert,Anderson,12/9/2012,Male,O+,22431
PAT-3325,Linda,Thomas,1/15/2013,Female,O-,22528
PAT-3326,Michael,Moore,2/21/2013,Non-binary,AB+,22625
PAT-3327,Elizabeth,Jackson,3/30/2013,Male,AB-,22722
PAT-3328,James,Smith,5/6/2013,Female,A+,22819
PAT-3329,John,Johnson,6/12/2013,Non-binary,A-,22916
PAT-3330,Mary,Brown,7/19/2013,Male,B+,23013
PAT-3331,Patricia,Taylor,8/25/2013,Female,B-,23110
PAT-3332,Robert,Anderson,10/1/2013,Non-binary,O+,23207
PAT-3333,Linda,Thomas,11/7/2013,Male,O-,23304
PAT-3334,Michael,Moore,12/14/2013,Female,AB+,23401
PAT-3335,Elizabeth,Jackson,1/20/2014,Non-binary,AB-,23498
PAT-3336,James,Smith,2/26/2014,Male,A+,23595
PAT-3337,John,Johnson,4/4/2014,Female,A-,23692
PAT-3338,Mary,Brown,5/11/2014,Non-binary,B+,23789
PAT-3339,Patricia,Taylor,6/17/2014,Male,B-,23886
PAT-3340,Robert,Anderson,7/24/2014,Female,O+,23983
PAT-3341,Linda,Thomas,8/30/2014,Non-binary,O-,24080
PAT-3342,Michael,Moore,10/6/2014,Male,AB+,24177
PAT-3343,Elizabeth,Jackson,11/12/2014,Female,AB-,24274
PAT-3344,James,Smith,12/19/2014,Non-binary,A+,24371
PAT-3345,John,Johnson,1/25/2015,Male,A-,24468
PAT-3346,Mary,Brown,3/3/2015,Female,B+,24565
PAT-3347,Patricia,Taylor,4/9/2015,Non-binary,B-,24662
PAT-3348,Robert,Anderson,5/16/2015,Male,O+,24759
PAT-3349,Linda,Thomas,6/22/2015,Female,O-,24856
PAT-3350,Michael,Moore,7/29/2015,Non-binary,AB+,24953
PAT-3351,Elizabeth,Jackson,9/4/2015,Male,AB-,25050
PAT-3352,James,Smith,10/11/2015,Female,A+,25147
PAT-3353,John,Johnson,11/17/2015,Non-binary,A-,25244
PAT-3354,Mary,Brown,12/24/2015,Male,B+,25341
PAT-3355,Patricia,Taylor,1/30/2016,Female,B-,25438
PAT-3356,Robert,Anderson,3/7/2016,Non-binary,O+,25535
PAT-3357,Linda,Thomas,4/13/2016,Male,O-,25632
PAT-3358,Michael,Moore,5/20/2016,Female,AB+,25729
PAT-3359,Elizabeth,Jackson,6/26/2016,Non-binary,AB-,25826
PAT-3360,James,Smith,8/2/2016,Male,A+,25923
PAT-3361,John,Johnson,9/8/2016,Female,A-,26020
PAT-3362,Mary,Brown,10/15/2016,Non-binary,B+,26117
PAT-3363,Patricia,Taylor,11/21/2016,Male,B-,26214
PAT-3364,Robert,Anderson,12/28/2016,Female,O+,26311
PAT-3365,Linda,Thomas,2/3/2017,Non-binary,O-,26408
PAT-3366,Michael,Moore,3/12/2017,Male,AB+,26505
PAT-3367,Elizabeth,Jackson,4/18/2017,Female,AB-,26602
PAT-3368,James,Smith,5/25/2017,Non-binary,A+,26699
PAT-3369,John,Johnson,7/1/2017,Male,A-,26796
PAT-3370,Mary,Brown,8/7/2017,Female,B+,26893
PAT-3371,Patricia,Taylor,9/13/2017,Non-binary,B-,26990
PAT-3372,Robert,Anderson,10/20/2017,Male,O+,27087
PAT-3373,Linda,Thomas,11/26/2017,Female,O-,27184
PAT-3374,Michael,Moore,1/2/2018,Non-binary,AB+,27281
PAT-3375,Elizabeth,Jackson,2/8/2018,Male,AB-,27378
PAT-3376,James,Smith,3/17/2018,Female,A+,27475
PAT-3377,John,Johnson,4/23/2018,Non-binary,A-,27572
PAT-3378,Mary,Brown,5/30/2018,Male,B+,27669
PAT-3379,Patricia,Taylor,1/24/1950,Female,B-,27766
PAT-3380,Robert,Anderson,3/2/1950,Non-binary,O+,27863
PAT-3381,Linda,Thomas,4/8/1950,Male,O-,27960
PAT-3382,Michael,Moore,5/15/1950,Female,AB+,28057
PAT-3383,Elizabeth,Jackson,6/21/1950,Non-binary,AB-,28154
PAT-3384,James,Smith,7/28/1950,Male,A+,28251
PAT-3385,John,Johnson,9/3/1950,Female,A-,28348
PAT-3386,Mary,Brown,10/10/1950,Non-binary,B+,28445
PAT-3387,Patricia,Taylor,11/16/1950,Male,B-,28542
PAT-3388,Robert,Anderson,12/23/1950,Female,O+,28639
PAT-3389,Linda,Thomas,1/29/1951,Non-binary,O-,28736
PAT-3390,Michael,Moore,3/7/1951,Male,AB+,28833
PAT-3391,Elizabeth,Jackson,4/13/1951,Female,AB-,28930
PAT-3392,James,Smith,5/20/1951,Non-binary,A+,29027
PAT-3393,John,Johnson,6/26/1951,Male,A-,29124
PAT-3394,Mary,Brown,8/2/1951,Female,B+,29221
PAT-3395,Patricia,Taylor,9/8/1951,Non-binary,B-,29318
PAT-3396,Robert,Anderson,10/15/1951,Male,O+,29415
PAT-3397,Linda,Thomas,11/21/1951,Female,O-,29512
PAT-3398,Michael,Moore,12/28/1951,Non-binary,AB+,29609
PAT-3399,Elizabeth,Jackson,2/3/1952,Male,AB-,29706
PAT-3400,James,Smith,3/11/1952,Female,A+,29803
PAT-3401,John,Johnson,4/17/1952,Non-binary,A-,29900
PAT-3402,Mary,Brown,5/24/1952,Male,B+,29997
PAT-3403,Patricia,Taylor,6/30/1952,Female,B-,30094
PAT-3404,Robert,Anderson,8/6/1952,Non-binary,O+,30191
PAT-3405,Linda,Thomas,9/12/1952,Male,O-,30288
PAT-3406,Michael,Moore,10/19/1952,Female,AB+,30385
PAT-3407,Elizabeth,Jackson,11/25/1952,Non-binary,AB-,30482
PAT-3408,James,Smith,1/1/1953,Male,A+,30579
PAT-3409,John,Johnson,2/7/1953,Female,A-,30676
PAT-3410,Mary,Brown,3/16/1953,Non-binary,B+,30773
PAT-3411,Patricia,Taylor,4/22/1953,Male,B-,30870
PAT-3412,Robert,Anderson,5/29/1953,Female,O+,30967
PAT-3413,Linda,Thomas,7/5/1953,Non-binary,O-,31064
PAT-3414,Michael,Moore,8/11/1953,Male,AB+,31161
PAT-3415,Elizabeth,Jackson,9/17/1953,Female,AB-,31258
PAT-3416,James,Smith,10/24/1953,Non-binary,A+,31355
PAT-3417,John,Johnson,11/30/1953,Male,A-,31452
PAT-3418,Mary,Brown,1/6/1954,Female,B+,31549
PAT-3419,Patricia,Taylor,2/12/1954,Non-binary,B-,31646
PAT-3420,Robert,Anderson,3/21/1954,Male,O+,31743
PAT-3421,Linda,Thomas,4/27/1954,Female,O-,31840
PAT-3422,Michael,Moore,6/3/1954,Non-binary,AB+,31937
PAT-3423,Elizabeth,Jackson,7/10/1954,Male,AB-,32034
PAT-3424,James,Smith,8/16/1954,Female,A+,32131
PAT-3425,John,Johnson,9/22/1954,Non-binary,A-,32228
PAT-3426,Mary,Brown,10/29/1954,Male,B+,32325
PAT-3427,Patricia,Taylor,12/5/1954,Female,B-,32422
PAT-3428,Robert,Anderson,1/11/1955,Non-binary,O+,32519
PAT-3429,Linda,Thomas,2/17/1955,Male,O-,32616
PAT-3430,Michael,Moore,3/26/1955,Female,AB+,32713
PAT-3431,Elizabeth,Jackson,5/2/1955,Non-binary,AB-,32810
PAT-3432,James,Smith,6/8/1955,Male,A+,32907
PAT-3433,John,Johnson,7/15/1955,Female,A-,33004
PAT-3434,Mary,Brown,8/21/1955,Non-binary,B+,33101
PAT-3435,Patricia,Taylor,9/27/1955,Male,B-,33198
PAT-3436,Robert,Anderson,11/3/1955,Female,O+,33295
PAT-3437,Linda,Thomas,12/10/1955,Non-binary,O-,33392
PAT-3438,Michael,Moore,1/16/1956,Male,AB+,33489
PAT-3439,Elizabeth,Jackson,2/22/1956,Female,AB-,33586
PAT-3440,James,Smith,3/30/1956,Non-binary,A+,33683
PAT-3441,John,Johnson,5/6/1956,Male,A-,33780
PAT-3442,Mary,Brown,6/12/1956,Female,B+,33877
PAT-3443,Patricia,Taylor,7/19/1956,Non-binary,B-,33974
PAT-3444,Robert,Anderson,8/25/1956,Male,O+,34071
PAT-3445,Linda,Thomas,10/1/1956,Female,O-,34168
PAT-3446,Michael,Moore,11/7/1956,Non-binary,AB+,34265
PAT-3447,Elizabeth,Jackson,12/14/1956,Male,AB-,34362
PAT-3448,James,Smith,1/20/1957,Female,A+,34459
PAT-3449,John,Johnson,2/26/1957,Non-binary,A-,34556
PAT-3450,Mary,Brown,4/4/1957,Male,B+,34653
PAT-3451,Patricia,Taylor,5/11/1957,Female,B-,34750
PAT-3452,Robert,Anderson,6/17/1957,Non-binary,O+,34847
PAT-3453,Linda,Thomas,7/24/1957,Male,O-,34944
PAT-3454,Michael,Moore,8/30/1957,Female,AB+,35041
PAT-3455,Elizabeth,Jackson,10/6/1957,Non-binary,AB-,35138
PAT-3456,James,Smith,11/12/1957,Male,A+,35235
PAT-3457,John,Johnson,12/19/1957,Female,A-,35332
PAT-3458,Mary,Brown,1/25/1958,Non-binary,B+,35429
PAT-3459,Patricia,Taylor,3/3/1958,Male,B-,35526
PAT-3460,Robert,Anderson,4/9/1958,Female,O+,35623
PAT-3461,Linda,Thomas,5/16/1958,Non-binary,O-,35720
PAT-3462,Michael,Moore,6/22/1958,Male,AB+,35817
PAT-3463,Elizabeth,Jackson,7/29/1958,Female,AB-,35914
PAT-3464,James,Smith,9/4/1958,Non-binary,A+,36011
PAT-3465,John,Johnson,10/11/1958,Male,A-,36108
PAT-3466,Mary,Brown,11/17/1958,Female,B+,36205
PAT-3467,Patricia,Taylor,12/24/1958,Non-binary,B-,36302
PAT-3468,Robert,Anderson,1/30/1959,Male,O+,36399
PAT-3469,Linda,Thomas,3/8/1959,Female,O-,36496
PAT-3470,Michael,Moore,4/14/1959,Non-binary,AB+,36593
PAT-3471,Elizabeth,Jackson,5/21/1959,Male,AB-,36690
PAT-3472,James,Smith,6/27/1959,Female,A+,36787
PAT-3473,John,Johnson,8/3/1959,Non-binary,A-,36884
PAT-3474,Mary,Brown,9/9/1959,Male,B+,36981
PAT-3475,Patricia,Taylor,10/16/1959,Female,B-,37078
PAT-3476,Robert,Anderson,11/22/1959,Non-binary,O+,37175
PAT-3477,Linda,Thomas,12/29/1959,Male,O-,37272
PAT-3478,Michael,Moore,2/4/1960,Female,AB+,37369
PAT-3479,Elizabeth,Jackson,3/12/1960,Non-binary,AB-,37466
PAT-3480,James,Smith,4/18/1960,Male,A+,37563
PAT-3481,John,Johnson,5/25/1960,Female,A-,37660
PAT-3482,Mary,Brown,7/1/1960,Non-binary,B+,37757
PAT-3483,Patricia,Taylor,8/7/1960,Male,B-,37854
PAT-3484,Robert,Anderson,9/13/1960,Female,O+,37951
PAT-3485,Linda,Thomas,10/20/1960,Non-binary,O-,38048
PAT-3486,Michael,Moore,11/26/1960,Male,AB+,38145
PAT-3487,Elizabeth,Jackson,1/2/1961,Female,AB-,38242
PAT-3488,James,Smith,2/8/1961,Non-binary,A+,38339
PAT-3489,John,Johnson,3/17/1961,Male,A-,38436
PAT-3490,Mary,Brown,4/23/1961,Female,B+,38533
PAT-3491,Patricia,Taylor,5/30/1961,Non-binary,B-,38630
PAT-3492,Robert,Anderson,7/6/1961,Male,O+,38727
PAT-3493,Linda,Thomas,8/12/1961,Female,O-,38824
PAT-3494,Michael,Moore,9/18/1961,Non-binary,AB+,38921
PAT-3495,Elizabeth,Jackson,10/25/1961,Male,AB-,39018
PAT-3496,James,Smith,12/1/1961,Female,A+,39115
PAT-3497,John,Johnson,1/7/1962,Non-binary,A-,39212
PAT-3498,Mary,Brown,2/13/1962,Male,B+,39309
PAT-3499,Patricia,Taylor,3/22/1962,Female,B-,39406
PAT-3500,Robert,Anderson,4/28/1962,Non-binary,O+,39503
PAT-3501,Linda,Thomas,6/4/1962,Male,O-,39600
PAT-3502,Michael,Moore,7/11/1962,Female,AB+,39697
PAT-3503,Elizabeth,Jackson,8/17/1962,Non-binary,AB-,39794
PAT-3504,James,Smith,9/23/1962,Male,A+,39891
PAT-3505,John,Johnson,10/30/1962,Female,A-,39988
PAT-3506,Mary,Brown,12/6/1962,Non-binary,B+,40085
PAT-3507,Patricia,Taylor,1/12/1963,Male,B-,40182
PAT-3508,Robert,Anderson,2/18/1963,Female,O+,40279
PAT-3509,Linda,Thomas,3/27/1963,Non-binary,O-,40376
PAT-3510,Michael,Moore,5/3/1963,Male,AB+,40473
PAT-3511,Elizabeth,Jackson,6/9/1963,Female,AB-,40570
PAT-3512,James,Smith,7/16/1963,Non-binary,A+,40667
PAT-3513,John,Johnson,8/22/1963,Male,A-,40764
PAT-3514,Mary,Brown,9/28/1963,Female,B+,40861
PAT-3515,Patricia,Taylor,11/4/1963,Non-binary,B-,40958
PAT-3516,Robert,Anderson,12/11/1963,Male,O+,41055
PAT-3517,Linda,Thomas,1/17/1964,Female,O-,41152
PAT-3518,Michael,Moore,2/23/1964,Non-binary,AB+,41249
PAT-3519,Elizabeth,Jackson,3/31/1964,Male,AB-,41346
PAT-3520,James,Smith,5/7/1964,Female,A+,41443
PAT-3521,John,Johnson,6/13/1964,Non-binary,A-,41540
PAT-3522,Mary,Brown,7/20/1964,Male,B+,41637
PAT-3523,Patricia,Taylor,8/26/1964,Female,B-,41734
PAT-3524,Robert,Anderson,10/2/1964,Non-binary,O+,41831
PAT-3525,Linda,Thomas,11/8/1964,Male,O-,41928
PAT-3526,Michael,Moore,12/15/1964,Female,AB+,42025
PAT-3527,Elizabeth,Jackson,1/21/1965,Non-binary,AB-,42122
PAT-3528,James,Smith,2/27/1965,Male,A+,42219
PAT-3529,John,Johnson,4/5/1965,Female,A-,42316
PAT-3530,Mary,Brown,5/12/1965,Non-binary,B+,42413
PAT-3531,Patricia,Taylor,6/18/1965,Male,B-,42510
PAT-3532,Robert,Anderson,7/25/1965,Female,O+,42607
PAT-3533,Linda,Thomas,8/31/1965,Non-binary,O-,42704
PAT-3534,Michael,Moore,10/7/1965,Male,AB+,42801
PAT-3535,Elizabeth,Jackson,11/13/1965,Female,AB-,42898
PAT-3536,James,Smith,12/20/1965,Non-binary,A+,42995
PAT-3537,John,Johnson,1/26/1966,Male,A-,43092
PAT-3538,Mary,Brown,3/4/1966,Female,B+,43189
PAT-3539,Patricia,Taylor,4/10/1966,Non-binary,B-,43286
PAT-3540,Robert,Anderson,5/17/1966,Male,O+,43383
PAT-3541,Linda,Thomas,6/23/1966,Female,O-,43480
PAT-3542,Michael,Moore,7/30/1966,Non-binary,AB+,43577
PAT-3543,Elizabeth,Jackson,9/5/1966,Male,AB-,43674
PAT-3544,James,Smith,10/12/1966,Female,A+,43771
PAT-3545,John,Johnson,11/18/1966,Non-binary,A-,43868
PAT-3546,Mary,Brown,12/25/1966,Male,B+,43965
PAT-3547,Patricia,Taylor,1/31/1967,Female,B-,44062
PAT-3548,Robert,Anderson,3/9/1967,Non-binary,O+,44159
PAT-3549,Linda,Thomas,4/15/1967,Male,O-,44256
PAT-3550,Michael,Moore,5/22/1967,Female,AB+,44353
PAT-3551,Elizabeth,Jackson,6/28/1967,Non-binary,AB-,44450
PAT-3552,James,Smith,8/4/1967,Male,A+,44547
PAT-3553,John,Johnson,9/10/1967,Female,A-,44644
PAT-3554,Mary,Brown,10/17/1967,Non-binary,B+,44741
PAT-3555,Patricia,Taylor,11/23/1967,Male,B-,44838
PAT-3556,Robert,Anderson,12/30/1967,Female,O+,44935
PAT-3557,Linda,Thomas,2/5/1968,Non-binary,O-,45032
PAT-3558,Michael,Moore,3/13/1968,Male,AB+,45129
PAT-3559,Elizabeth,Jackson,4/19/1968,Female,AB-,45226
PAT-3560,James,Smith,5/26/1968,Non-binary,A+,45323
PAT-3561,John,Johnson,7/2/1968,Male,A-,45420
PAT-3562,Mary,Brown,8/8/1968,Female,B+,45517
PAT-3563,Patricia,Taylor,9/14/1968,Non-binary,B-,45614
PAT-3564,Robert,Anderson,10/21/1968,Male,O+,45711
PAT-3565,Linda,Thomas,11/27/1968,Female,O-,45808
PAT-3566,Michael,Moore,1/3/1969,Non-binary,AB+,45905
PAT-3567,Elizabeth,Jackson,2/9/1969,Male,AB-,46002
PAT-3568,James,Smith,3/18/1969,Female,A+,46099
PAT-3569,John,Johnson,4/24/1969,Non-binary,A-,46196
PAT-3570,Mary,Brown,5/31/1969,Male,B+,46293
PAT-3571,Patricia,Taylor,7/7/1969,Female,B-,46390
PAT-3572,Robert,Anderson,8/13/1969,Non-binary,O+,46487
PAT-3573,Linda,Thomas,9/19/1969,Male,O-,46584
PAT-3574,Michael,Moore,10/26/1969,Female,AB+,46681
PAT-3575,Elizabeth,Jackson,12/2/1969,Non-binary,AB-,46778
PAT-3576,James,Smith,1/8/1970,Male,A+,46875
PAT-3577,John,Johnson,2/14/1970,Female,A-,46972
PAT-3578,Mary,Brown,3/23/1970,Non-binary,B+,47069
PAT-3579,Patricia,Taylor,4/29/1970,Male,B-,47166
PAT-3580,Robert,Anderson,6/5/1970,Female,O+,47263
PAT-3581,Linda,Thomas,7/12/1970,Non-binary,O-,47360
PAT-3582,Michael,Moore,8/18/1970,Male,AB+,47457
PAT-3583,Elizabeth,Jackson,9/24/1970,Female,AB-,47554
PAT-3584,James,Smith,10/31/1970,Non-binary,A+,47651
PAT-3585,John,Johnson,12/7/1970,Male,A-,47748
PAT-3586,Mary,Brown,1/13/1971,Female,B+,47845
PAT-3587,Patricia,Taylor,2/19/1971,Non-binary,B-,47942
PAT-3588,Robert,Anderson,3/28/1971,Male,O+,48039
PAT-3589,Linda,Thomas,5/4/1971,Female,O-,48136
PAT-3590,Michael,Moore,6/10/1971,Non-binary,AB+,48233
PAT-3591,Elizabeth,Jackson,7/17/1971,Male,AB-,48330
PAT-3592,James,Smith,8/23/1971,Female,A+,48427
PAT-3593,John,Johnson,9/29/1971,Non-binary,A-,48524
PAT-3594,Mary,Brown,11/5/1971,Male,B+,48621
PAT-3595,Patricia,Taylor,12/12/1971,Female,B-,48718
PAT-3596,Robert,Anderson,1/18/1972,Non-binary,O+,48815
PAT-3597,Linda,Thomas,2/24/1972,Male,O-,48912
PAT-3598,Michael,Moore,4/1/1972,Female,AB+,49009
PAT-3599,Elizabeth,Jackson,5/8/1972,Non-binary,AB-,49106
PAT-3600,James,Smith,6/14/1972,Male,A+,49203
PAT-3601,John,Johnson,7/21/1972,Female,A-,49300
PAT-3602,Mary,Brown,8/27/1972,Non-binary,B+,49397
PAT-3603,Patricia,Taylor,10/3/1972,Male,B-,49494
PAT-3604,Robert,Anderson,11/9/1972,Female,O+,49591
PAT-3605,Linda,Thomas,12/16/1972,Non-binary,O-,49688
PAT-3606,Michael,Moore,1/22/1973,Male,AB+,49785
PAT-3607,Elizabeth,Jackson,2/28/1973,Female,AB-,49882
PAT-3608,James,Smith,4/6/1973,Non-binary,A+,49979
PAT-3609,John,Johnson,5/13/1973,Male,A-,50076
PAT-3610,Mary,Brown,6/19/1973,Female,B+,50173
PAT-3611,Patricia,Taylor,7/26/1973,Non-binary,B-,50270
PAT-3612,Robert,Anderson,9/1/1973,Male,O+,50367
PAT-3613,Linda,Thomas,10/8/1973,Female,O-,50464
PAT-3614,Michael,Moore,11/14/1973,Non-binary,AB+,50561
PAT-3615,Elizabeth,Jackson,12/21/1973,Male,AB-,50658
PAT-3616,James,Smith,1/27/1974,Female,A+,50755
PAT-3617,John,Johnson,3/5/1974,Non-binary,A-,50852
PAT-3618,Mary,Brown,4/11/1974,Male,B+,50949
PAT-3619,Patricia,Taylor,5/18/1974,Female,B-,51046
PAT-3620,Robert,Anderson,6/24/1974,Non-binary,O+,51143
PAT-3621,Linda,Thomas,7/31/1974,Male,O-,51240
PAT-3622,Michael,Moore,9/6/1974,Female,AB+,51337
PAT-3623,Elizabeth,Jackson,10/13/1974,Non-binary,AB-,51434
PAT-3624,James,Smith,11/19/1974,Male,A+,51531
PAT-3625,John,Johnson,12/26/1974,Female,A-,51628
PAT-3626,Mary,Brown,2/1/1975,Non-binary,B+,51725
PAT-3627,Patricia,Taylor,3/10/1975,Male,B-,51822
PAT-3628,Robert,Anderson,4/16/1975,Female,O+,51919
PAT-3629,Linda,Thomas,5/23/1975,Non-binary,O-,52016
PAT-3630,Michael,Moore,6/29/1975,Male,AB+,52113
PAT-3631,Elizabeth,Jackson,8/5/1975,Female,AB-,52210
PAT-3632,James,Smith,9/11/1975,Non-binary,A+,52307
PAT-3633,John,Johnson,10/18/1975,Male,A-,52404
PAT-3634,Mary,Brown,11/24/1975,Female,B+,52501
PAT-3635,Patricia,Taylor,12/31/1975,Non-binary,B-,52598
PAT-3636,Robert,Anderson,2/6/1976,Male,O+,52695
PAT-3637,Linda,Thomas,3/14/1976,Female,O-,52792
PAT-3638,Michael,Moore,4/20/1976,Non-binary,AB+,52889
PAT-3639,Elizabeth,Jackson,5/27/1976,Male,AB-,52986
PAT-3640,James,Smith,7/3/1976,Female,A+,53083
PAT-3641,John,Johnson,8/9/1976,Non-binary,A-,53180
PAT-3642,Mary,Brown,9/15/1976,Male,B+,53277
PAT-3643,Patricia,Taylor,10/22/1976,Female,B-,53374
PAT-3644,Robert,Anderson,11/28/1976,Non-binary,O+,53471
PAT-3645,Linda,Thomas,1/4/1977,Male,O-,53568
PAT-3646,Michael,Moore,2/10/1977,Female,AB+,53665
PAT-3647,Elizabeth,Jackson,3/19/1977,Non-binary,AB-,53762
PAT-3648,James,Smith,4/25/1977,Male,A+,53859
PAT-3649,John,Johnson,6/1/1977,Female,A-,53956
PAT-3650,Mary,Brown,7/8/1977,Non-binary,B+,54053
PAT-3651,Patricia,Taylor,8/14/1977,Male,B-,54150
PAT-3652,Robert,Anderson,9/20/1977,Female,O+,54247
PAT-3653,Linda,Thomas,10/27/1977,Non-binary,O-,54344
PAT-3654,Michael,Moore,12/3/1977,Male,AB+,54441
PAT-3655,Elizabeth,Jackson,1/9/1978,Female,AB-,54538
PAT-3656,James,Smith,2/15/1978,Non-binary,A+,54635
PAT-3657,John,Johnson,3/24/1978,Male,A-,54732
PAT-3658,Mary,Brown,4/30/1978,Female,B+,54829
PAT-3659,Patricia,Taylor,6/6/1978,Non-binary,B-,54926
PAT-3660,Robert,Anderson,7/13/1978,Male,O+,55023
PAT-3661,Linda,Thomas,8/19/1978,Female,O-,55120
PAT-3662,Michael,Moore,9/25/1978,Non-binary,AB+,55217
PAT-3663,Elizabeth,Jackson,11/1/1978,Male,AB-,55314
PAT-3664,James,Smith,12/8/1978,Female,A+,55411
PAT-3665,John,Johnson,1/14/1979,Non-binary,A-,55508
PAT-3666,Mary,Brown,2/20/1979,Male,B+,55605
PAT-3667,Patricia,Taylor,3/29/1979,Female,B-,55702
PAT-3668,Robert,Anderson,5/5/1979,Non-binary,O+,55799
PAT-3669,Linda,Thomas,6/11/1979,Male,O-,55896
PAT-3670,Michael,Moore,7/18/1979,Female,AB+,55993
PAT-3671,Elizabeth,Jackson,8/24/1979,Non-binary,AB-,56090
PAT-3672,James,Smith,9/30/1979,Male,A+,56187
PAT-3673,John,Johnson,11/6/1979,Female,A-,56284
PAT-3674,Mary,Brown,12/13/1979,Non-binary,B+,56381
PAT-3675,Patricia,Taylor,1/19/1980,Male,B-,56478
PAT-3676,Robert,Anderson,2/25/1980,Female,O+,56575
PAT-3677,Linda,Thomas,4/2/1980,Non-binary,O-,56672
PAT-3678,Michael,Moore,5/9/1980,Male,AB+,56769
PAT-3679,Elizabeth,Jackson,6/15/1980,Female,AB-,56866
PAT-3680,James,Smith,7/22/1980,Non-binary,A+,56963
PAT-3681,John,Johnson,8/28/1980,Male,A-,57060
PAT-3682,Mary,Brown,10/4/1980,Female,B+,57157
PAT-3683,Patricia,Taylor,11/10/1980,Non-binary,B-,57254
PAT-3684,Robert,Anderson,12/17/1980,Male,O+,57351
PAT-3685,Linda,Thomas,1/23/1981,Female,O-,57448
PAT-3686,Michael,Moore,3/1/1981,Non-binary,AB+,57545
PAT-3687,Elizabeth,Jackson,4/7/1981,Male,AB-,57642
PAT-3688,James,Smith,5/14/1981,Female,A+,57739
PAT-3689,John,Johnson,6/20/1981,Non-binary,A-,57836
PAT-3690,Mary,Brown,7/27/1981,Male,B+,57933
PAT-3691,Patricia,Taylor,9/2/1981,Female,B-,58030
PAT-3692,Robert,Anderson,10/9/1981,Non-binary,O+,58127
PAT-3693,Linda,Thomas,11/15/1981,Male,O-,58224
PAT-3694,Michael,Moore,12/22/1981,Female,AB+,58321
PAT-3695,Elizabeth,Jackson,1/28/1982,Non-binary,AB-,58418
PAT-3696,James,Smith,3/6/1982,Male,A+,58515
PAT-3697,John,Johnson,4/12/1982,Female,A-,58612
PAT-3698,Mary,Brown,5/19/1982,Non-binary,B+,58709
PAT-3699,Patricia,Taylor,6/25/1982,Male,B-,58806
PAT-3700,Robert,Anderson,8/1/1982,Female,O+,58903
PAT-3701,Linda,Thomas,9/7/1982,Non-binary,O-,59000
PAT-3702,Michael,Moore,10/14/1982,Male,AB+,59097
PAT-3703,Elizabeth,Jackson,11/20/1982,Female,AB-,59194
PAT-3704,James,Smith,12/27/1982,Non-binary,A+,59291
PAT-3705,John,Johnson,2/2/1983,Male,A-,59388
PAT-3706,Mary,Brown,3/11/1983,Female,B+,59485
PAT-3707,Patricia,Taylor,4/17/1983,Non-binary,B-,59582
PAT-3708,Robert,Anderson,5/24/1983,Male,O+,59679
PAT-3709,Linda,Thomas,6/30/1983,Female,O-,59776
PAT-3710,Michael,Moore,8/6/1983,Non-binary,AB+,59873
PAT-3711,Elizabeth,Jackson,9/12/1983,Male,AB-,59970
PAT-3712,James,Smith,10/19/1983,Female,A+,60067
PAT-3713,John,Johnson,11/25/1983,Non-binary,A-,60164
PAT-3714,Mary,Brown,1/1/1984,Male,B+,60261
PAT-3715,Patricia,Taylor,2/7/1984,Female,B-,60358
PAT-3716,Robert,Anderson,3/15/1984,Non-binary,O+,60455
PAT-3717,Linda,Thomas,4/21/1984,Male,O-,60552
PAT-3718,Michael,Moore,5/28/1984,Female,AB+,60649
PAT-3719,Elizabeth,Jackson,7/4/1984,Non-binary,AB-,60746
PAT-3720,James,Smith,8/10/1984,Male,A+,60843
PAT-3721,John,Johnson,9/16/1984,Female,A-,60940
PAT-3722,Mary,Brown,10/23/1984,Non-binary,B+,61037
PAT-3723,Patricia,Taylor,11/29/1984,Male,B-,61134
PAT-3724,Robert,Anderson,1/5/1985,Female,O+,61231
PAT-3725,Linda,Thomas,2/11/1985,Non-binary,O-,61328
PAT-3726,Michael,Moore,3/20/1985,Male,AB+,61425
PAT-3727,Elizabeth,Jackson,4/26/1985,Female,AB-,61522
PAT-3728,James,Smith,6/2/1985,Non-binary,A+,61619
PAT-3729,John,Johnson,7/9/1985,Male,A-,61716
PAT-3730,Mary,Brown,8/15/1985,Female,B+,61813
PAT-3731,Patricia,Taylor,9/21/1985,Non-binary,B-,61910
PAT-3732,Robert,Anderson,10/28/1985,Male,O+,62007
PAT-3733,Linda,Thomas,12/4/1985,Female,O-,62104
PAT-3734,Michael,Moore,1/10/1986,Non-binary,AB+,62201
PAT-3735,Elizabeth,Jackson,2/16/1986,Male,AB-,62298
PAT-3736,James,Smith,3/25/1986,Female,A+,62395
PAT-3737,John,Johnson,5/1/1986,Non-binary,A-,62492
PAT-3738,Mary,Brown,6/7/1986,Male,B+,62589
PAT-3739,Patricia,Taylor,7/14/1986,Female,B-,62686
PAT-3740,Robert,Anderson,8/20/1986,Non-binary,O+,62783
PAT-3741,Linda,Thomas,9/26/1986,Male,O-,62880
PAT-3742,Michael,Moore,11/2/1986,Female,AB+,62977
PAT-3743,Elizabeth,Jackson,12/9/1986,Non-binary,AB-,63074
PAT-3744,James,Smith,1/15/1987,Male,A+,63171
PAT-3745,John,Johnson,2/21/1987,Female,A-,63268
PAT-3746,Mary,Brown,3/30/1987,Non-binary,B+,63365
PAT-3747,Patricia,Taylor,5/6/1987,Male,B-,63462
PAT-3748,Robert,Anderson,6/12/1987,Female,O+,63559
PAT-3749,Linda,Thomas,7/19/1987,Non-binary,O-,63656
PAT-3750,Michael,Moore,8/25/1987,Male,AB+,63753
PAT-3751,Elizabeth,Jackson,10/1/1987,Female,AB-,63850
PAT-3752,James,Smith,11/7/1987,Non-binary,A+,63947
PAT-3753,John,Johnson,12/14/1987,Male,A-,64044
PAT-3754,Mary,Brown,1/20/1988,Female,B+,64141
PAT-3755,Patricia,Taylor,2/26/1988,Non-binary,B-,64238
PAT-3756,Robert,Anderson,4/3/1988,Male,O+,64335
PAT-3757,Linda,Thomas,5/10/1988,Female,O-,64432
PAT-3758,Michael,Moore,6/16/1988,Non-binary,AB+,64529
PAT-3759,Elizabeth,Jackson,7/23/1988,Male,AB-,64626
PAT-3760,James,Smith,8/29/1988,Female,A+,64723
PAT-3761,John,Johnson,10/5/1988,Non-binary,A-,64820
PAT-3762,Mary,Brown,11/11/1988,Male,B+,64917
PAT-3763,Patricia,Taylor,12/18/1988,Female,B-,65014
PAT-3764,Robert,Anderson,1/24/1989,Non-binary,O+,65111
PAT-3765,Linda,Thomas,3/2/1989,Male,O-,65208
PAT-3766,Michael,Moore,4/8/1989,Female,AB+,65305
PAT-3767,Elizabeth,Jackson,5/15/1989,Non-binary,AB-,65402
PAT-3768,James,Smith,6/21/1989,Male,A+,65499
PAT-3769,John,Johnson,7/28/1989,Female,A-,65596
PAT-3770,Mary,Brown,9/3/1989,Non-binary,B+,65693
PAT-3771,Patricia,Taylor,10/10/1989,Male,B-,65790
PAT-3772,Robert,Anderson,11/16/1989,Female,O+,65887
PAT-3773,Linda,Thomas,12/23/1989,Non-binary,O-,65984
PAT-3774,Michael,Moore,1/29/1990,Male,AB+,66081
PAT-3775,Elizabeth,Jackson,3/7/1990,Female,AB-,66178
PAT-3776,James,Smith,4/13/1990,Non-binary,A+,66275
PAT-3777,John,Johnson,5/20/1990,Male,A-,66372
PAT-3778,Mary,Brown,6/26/1990,Female,B+,66469
PAT-3779,Patricia,Taylor,8/2/1990,Non-binary,B-,66566
PAT-3780,Robert,Anderson,9/8/1990,Male,O+,66663
PAT-3781,Linda,Thomas,10/15/1990,Female,O-,66760
PAT-3782,Michael,Moore,11/21/1990,Non-binary,AB+,66857
PAT-3783,Elizabeth,Jackson,12/28/1990,Male,AB-,66954
PAT-3784,James,Smith,2/3/1991,Female,A+,67051
PAT-3785,John,Johnson,3/12/1991,Non-binary,A-,67148
PAT-3786,Mary,Brown,4/18/1991,Male,B+,67245
PAT-3787,Patricia,Taylor,5/25/1991,Female,B-,67342
PAT-3788,Robert,Anderson,7/1/1991,Non-binary,O+,67439
PAT-3789,Linda,Thomas,8/7/1991,Male,O-,67536
PAT-3790,Michael,Moore,9/13/1991,Female,AB+,67633
PAT-3791,Elizabeth,Jackson,10/20/1991,Non-binary,AB-,67730
PAT-3792,James,Smith,11/26/1991,Male,A+,67827
PAT-3793,John,Johnson,1/2/1992,Female,A-,67924
PAT-3794,Mary,Brown,2/8/1992,Non-binary,B+,68021
PAT-3795,Patricia,Taylor,3/16/1992,Male,B-,68118
PAT-3796,Robert,Anderson,4/22/1992,Female,O+,68215
PAT-3797,Linda,Thomas,5/29/1992,Non-binary,O-,68312
PAT-3798,Michael,Moore,7/5/1992,Male,AB+,68409
PAT-3799,Elizabeth,Jackson,8/11/1992,Female,AB-,68506
PAT-3800,James,Smith,9/17/1992,Non-binary,A+,68603
PAT-3801,John,Johnson,10/24/1992,Male,A-,68700
PAT-3802,Mary,Brown,11/30/1992,Female,B+,68797
PAT-3803,Patricia,Taylor,1/6/1993,Non-binary,B-,68894
PAT-3804,Robert,Anderson,2/12/1993,Male,O+,68991
PAT-3805,Linda,Thomas,3/21/1993,Female,O-,69088
PAT-3806,Michael,Moore,4/27/1993,Non-binary,AB+,69185
PAT-3807,Elizabeth,Jackson,6/3/1993,Male,AB-,69282
PAT-3808,James,Smith,7/10/1993,Female,A+,69379
PAT-3809,John,Johnson,8/16/1993,Non-binary,A-,69476
PAT-3810,Mary,Brown,9/22/1993,Male,B+,69573
PAT-3811,Patricia,Taylor,10/29/1993,Female,B-,69670
PAT-3812,Robert,Anderson,12/5/1993,Non-binary,O+,69767
PAT-3813,Linda,Thomas,1/11/1994,Male,O-,69864
PAT-3814,Michael,Moore,2/17/1994,Female,AB+,69961
PAT-3815,Elizabeth,Jackson,3/26/1994,Non-binary,AB-,70058
PAT-3816,James,Smith,5/2/1994,Male,A+,70155
PAT-3817,John,Johnson,6/8/1994,Female,A-,70252
PAT-3818,Mary,Brown,7/15/1994,Non-binary,B+,70349
PAT-3819,Patricia,Taylor,8/21/1994,Male,B-,70446
PAT-3820,Robert,Anderson,9/27/1994,Female,O+,70543
PAT-3821,Linda,Thomas,11/3/1994,Non-binary,O-,70640
PAT-3822,Michael,Moore,12/10/1994,Male,AB+,70737
PAT-3823,Elizabeth,Jackson,1/16/1995,Female,AB-,70834
PAT-3824,James,Smith,2/22/1995,Non-binary,A+,70931
PAT-3825,John,Johnson,3/31/1995,Male,A-,71028
PAT-3826,Mary,Brown,5/7/1995,Female,B+,71125
PAT-3827,Patricia,Taylor,6/13/1995,Non-binary,B-,71222
PAT-3828,Robert,Anderson,7/20/1995,Male,O+,71319
PAT-3829,Linda,Thomas,8/26/1995,Female,O-,71416
PAT-3830,Michael,Moore,10/2/1995,Non-binary,AB+,71513
PAT-3831,Elizabeth,Jackson,11/8/1995,Male,AB-,71610
PAT-3832,James,Smith,12/15/1995,Female,A+,71707
PAT-3833,John,Johnson,1/21/1996,Non-binary,A-,71804
PAT-3834,Mary,Brown,2/27/1996,Male,B+,71901
PAT-3835,Patricia,Taylor,4/4/1996,Female,B-,71998
PAT-3836,Robert,Anderson,5/11/1996,Non-binary,O+,72095
PAT-3837,Linda,Thomas,6/17/1996,Male,O-,72192
PAT-3838,Michael,Moore,7/24/1996,Female,AB+,72289
PAT-3839,Elizabeth,Jackson,8/30/1996,Non-binary,AB-,72386
PAT-3840,James,Smith,10/6/1996,Male,A+,72483
PAT-3841,John,Johnson,11/12/1996,Female,A-,72580
PAT-3842,Mary,Brown,12/19/1996,Non-binary,B+,72677
PAT-3843,Patricia,Taylor,1/25/1997,Male,B-,72774
PAT-3844,Robert,Anderson,3/3/1997,Female,O+,72871
PAT-3845,Linda,Thomas,4/9/1997,Non-binary,O-,72968
PAT-3846,Michael,Moore,5/16/1997,Male,AB+,73065
PAT-3847,Elizabeth,Jackson,6/22/1997,Female,AB-,73162
PAT-3848,James,Smith,7/29/1997,Non-binary,A+,73259
PAT-3849,John,Johnson,9/4/1997,Male,A-,73356
PAT-3850,Mary,Brown,10/11/1997,Female,B+,73453
PAT-3851,Patricia,Taylor,11/17/1997,Non-binary,B-,73550
PAT-3852,Robert,Anderson,12/24/1997,Male,O+,73647
PAT-3853,Linda,Thomas,1/30/1998,Female,O-,73744
PAT-3854,Michael,Moore,3/8/1998,Non-binary,AB+,73841
PAT-3855,Elizabeth,Jackson,4/14/1998,Male,AB-,73938
PAT-3856,James,Smith,5/21/1998,Female,A+,74035
PAT-3857,John,Johnson,6/27/1998,Non-binary,A-,74132
PAT-3858,Mary,Brown,8/3/1998,Male,B+,74229
PAT-3859,Patricia,Taylor,9/9/1998,Female,B-,74326
PAT-3860,Robert,Anderson,10/16/1998,Non-binary,O+,74423
PAT-3861,Linda,Thomas,11/22/1998,Male,O-,74520
PAT-3862,Michael,Moore,12/29/1998,Female,AB+,74617
PAT-3863,Elizabeth,Jackson,2/4/1999,Non-binary,AB-,74714
PAT-3864,James,Smith,3/13/1999,Male,A+,74811
PAT-3865,John,Johnson,4/19/1999,Female,A-,74908
PAT-3866,Mary,Brown,5/26/1999,Non-binary,B+,75005
PAT-3867,Patricia,Taylor,7/2/1999,Male,B-,75102
PAT-3868,Robert,Anderson,8/8/1999,Female,O+,75199
PAT-3869,Linda,Thomas,9/14/1999,Non-binary,O-,75296
PAT-3870,Michael,Moore,10/21/1999,Male,AB+,75393
PAT-3871,Elizabeth,Jackson,11/27/1999,Female,AB-,75490
PAT-3872,James,Smith,1/3/2000,Non-binary,A+,75587
PAT-3873,John,Johnson,2/9/2000,Male,A-,75684
PAT-3874,Mary,Brown,3/17/2000,Female,B+,75781
PAT-3875,Patricia,Taylor,4/23/2000,Non-binary,B-,75878
PAT-3876,Robert,Anderson,5/30/2000,Male,O+,75975
PAT-3877,Linda,Thomas,7/6/2000,Female,O-,76072
PAT-3878,Michael,Moore,8/12/2000,Non-binary,AB+,76169
PAT-3879,Elizabeth,Jackson,9/18/2000,Male,AB-,76266
PAT-3880,James,Smith,10/25/2000,Female,A+,76363
PAT-3881,John,Johnson,12/1/2000,Non-binary,A-,76460
PAT-3882,Mary,Brown,1/7/2001,Male,B+,76557
PAT-3883,Patricia,Taylor,2/13/2001,Female,B-,76654
PAT-3884,Robert,Anderson,3/22/2001,Non-binary,O+,76751
PAT-3885,Linda,Thomas,4/28/2001,Male,O-,76848
PAT-3886,Michael,Moore,6/4/2001,Female,AB+,76945
PAT-3887,Elizabeth,Jackson,7/11/2001,Non-binary,AB-,77042
PAT-3888,James,Smith,8/17/2001,Male,A+,77139
PAT-3889,John,Johnson,9/23/2001,Female,A-,77236
PAT-3890,Mary,Brown,10/30/2001,Non-binary,B+,77333
PAT-3891,Patricia,Taylor,12/6/2001,Male,B-,77430
PAT-3892,Robert,Anderson,1/12/2002,Female,O+,77527
PAT-3893,Linda,Thomas,2/18/2002,Non-binary,O-,77624
PAT-3894,Michael,Moore,3/27/2002,Male,AB+,77721
PAT-3895,Elizabeth,Jackson,5/3/2002,Female,AB-,77818
PAT-3896,James,Smith,6/9/2002,Non-binary,A+,77915
PAT-3897,John,Johnson,7/16/2002,Male,A-,78012
PAT-3898,Mary,Brown,8/22/2002,Female,B+,78109
PAT-3899,Patricia,Taylor,9/28/2002,Non-binary,B-,78206
PAT-3900,Robert,Anderson,11/4/2002,Male,O+,78303
PAT-3901,Linda,Thomas,12/11/2002,Female,O-,78400
PAT-3902,Michael,Moore,1/17/2003,Non-binary,AB+,78497
PAT-3903,Elizabeth,Jackson,2/23/2003,Male,AB-,78594
PAT-3904,James,Smith,4/1/2003,Female,A+,78691
PAT-3905,John,Johnson,5/8/2003,Non-binary,A-,78788
PAT-3906,Mary,Brown,6/14/2003,Male,B+,78885
PAT-3907,Patricia,Taylor,7/21/2003,Female,B-,78982
PAT-3908,Robert,Anderson,8/27/2003,Non-binary,O+,79079
PAT-3909,Linda,Thomas,10/3/2003,Male,O-,79176
PAT-3910,Michael,Moore,11/9/2003,Female,AB+,79273
PAT-3911,Elizabeth,Jackson,12/16/2003,Non-binary,AB-,79370
PAT-3912,James,Smith,1/22/2004,Male,A+,79467
PAT-3913,John,Johnson,2/28/2004,Female,A-,79564
PAT-3914,Mary,Brown,4/5/2004,Non-binary,B+,79661
PAT-3915,Patricia,Taylor,5/12/2004,Male,B-,79758
PAT-3916,Robert,Anderson,6/18/2004,Female,O+,79855
PAT-3917,Linda,Thomas,7/25/2004,Non-binary,O-,79952
PAT-3918,Michael,Moore,8/31/2004,Male,AB+,80049
PAT-3919,Elizabeth,Jackson,10/7/2004,Female,AB-,80146
PAT-3920,James,Smith,11/13/2004,Non-binary,A+,80243
PAT-3921,John,Johnson,12/20/2004,Male,A-,80340
PAT-3922,Mary,Brown,1/26/2005,Female,B+,80437
PAT-3923,Patricia,Taylor,3/4/2005,Non-binary,B-,80534
PAT-3924,Robert,Anderson,4/10/2005,Male,O+,80631
PAT-3925,Linda,Thomas,5/17/2005,Female,O-,80728
PAT-3926,Michael,Moore,6/23/2005,Non-binary,AB+,80825
PAT-3927,Elizabeth,Jackson,7/30/2005,Male,AB-,80922
PAT-3928,James,Smith,9/5/2005,Female,A+,81019
PAT-3929,John,Johnson,10/12/2005,Non-binary,A-,81116
PAT-3930,Mary,Brown,11/18/2005,Male,B+,81213
PAT-3931,Patricia,Taylor,12/25/2005,Female,B-,81310
PAT-3932,Robert,Anderson,1/31/2006,Non-binary,O+,81407
PAT-3933,Linda,Thomas,3/9/2006,Male,O-,81504
PAT-3934,Michael,Moore,4/15/2006,Female,AB+,81601
PAT-3935,Elizabeth,Jackson,5/22/2006,Non-binary,AB-,81698
PAT-3936,James,Smith,6/28/2006,Male,A+,81795
PAT-3937,John,Johnson,8/4/2006,Female,A-,81892
PAT-3938,Mary,Brown,9/10/2006,Non-binary,B+,81989
PAT-3939,Patricia,Taylor,10/17/2006,Male,B-,82086
PAT-3940,Robert,Anderson,11/23/2006,Female,O+,82183
PAT-3941,Linda,Thomas,12/30/2006,Non-binary,O-,82280
PAT-3942,Michael,Moore,2/5/2007,Male,AB+,82377
PAT-3943,Elizabeth,Jackson,3/14/2007,Female,AB-,82474
PAT-3944,James,Smith,4/20/2007,Non-binary,A+,82571
PAT-3945,John,Johnson,5/27/2007,Male,A-,82668
PAT-3946,Mary,Brown,7/3/2007,Female,B+,82765
PAT-3947,Patricia,Taylor,8/9/2007,Non-binary,B-,82862
PAT-3948,Robert,Anderson,9/15/2007,Male,O+,82959
PAT-3949,Linda,Thomas,10/22/2007,Female,O-,83056
PAT-3950,Michael,Moore,11/28/2007,Non-binary,AB+,83153
PAT-3951,Elizabeth,Jackson,1/4/2008,Male,AB-,83250
PAT-3952,James,Smith,2/10/2008,Female,A+,83347
PAT-3953,John,Johnson,3/18/2008,Non-binary,A-,83444
PAT-3954,Mary,Brown,4/24/2008,Male,B+,83541
PAT-3955,Patricia,Taylor,5/31/2008,Female,B-,83638
PAT-3956,Robert,Anderson,7/7/2008,Non-binary,O+,83735
PAT-3957,Linda,Thomas,8/13/2008,Male,O-,83832
PAT-3958,Michael,Moore,9/19/2008,Female,AB+,83929
PAT-3959,Elizabeth,Jackson,10/26/2008,Non-binary,AB-,84026
PAT-3960,James,Smith,12/2/2008,Male,A+,84123
PAT-3961,John,Johnson,1/8/2009,Female,A-,84220
PAT-3962,Mary,Brown,2/14/2009,Non-binary,B+,84317
PAT-3963,Patricia,Taylor,3/23/2009,Male,B-,84414
PAT-3964,Robert,Anderson,4/29/2009,Female,O+,84511
PAT-3965,Linda,Thomas,6/5/2009,Non-binary,O-,84608
PAT-3966,Michael,Moore,7/12/2009,Male,AB+,84705
PAT-3967,Elizabeth,Jackson,8/18/2009,Female,AB-,84802
PAT-3968,James,Smith,9/24/2009,Non-binary,A+,84899
PAT-3969,John,Johnson,10/31/2009,Male,A-,84996
PAT-3970,Mary,Brown,12/7/2009,Female,B+,85093
PAT-3971,Patricia,Taylor,1/13/2010,Non-binary,B-,85190
PAT-3972,Robert,Anderson,2/19/2010,Male,O+,85287
PAT-3973,Linda,Thomas,3/28/2010,Female,O-,85384
PAT-3974,Michael,Moore,5/4/2010,Non-binary,AB+,85481
PAT-3975,Elizabeth,Jackson,6/10/2010,Male,AB-,85578
PAT-3976,James,Smith,7/17/2010,Female,A+,85675
PAT-3977,John,Johnson,8/23/2010,Non-binary,A-,85772
PAT-3978,Mary,Brown,9/29/2010,Male,B+,85869
PAT-3979,Patricia,Taylor,11/5/2010,Female,B-,85966
PAT-3980,Robert,Anderson,12/12/2010,Non-binary,O+,86063
PAT-3981,Linda,Thomas,1/18/2011,Male,O-,86160
PAT-3982,Michael,Moore,2/24/2011,Female,AB+,86257
PAT-3983,Elizabeth,Jackson,4/2/2011,Non-binary,AB-,86354
PAT-3984,James,Smith,5/9/2011,Male,A+,86451
PAT-3985,John,Johnson,6/15/2011,Female,A-,86548
PAT-3986,Mary,Brown,7/22/2011,Non-binary,B+,86645
PAT-3987,Patricia,Taylor,8/28/2011,Male,B-,86742
PAT-3988,Robert,Anderson,10/4/2011,Female,O+,86839
PAT-3989,Linda,Thomas,11/10/2011,Non-binary,O-,86936
PAT-3990,Michael,Moore,12/17/2011,Male,AB+,87033
PAT-3991,Elizabeth,Jackson,1/23/2012,Female,AB-,87130
PAT-3992,James,Smith,2/29/2012,Non-binary,A+,87227
PAT-3993,John,Johnson,4/6/2012,Male,A-,87324
PAT-3994,Mary,Brown,5/13/2012,Female,B+,87421
PAT-3995,Patricia,Taylor,6/19/2012,Non-binary,B-,87518
PAT-3996,Robert,Anderson,7/26/2012,Male,O+,87615
PAT-3997,Linda,Thomas,9/1/2012,Female,O-,87712
PAT-3998,Michael,Moore,10/8/2012,Non-binary,AB+,87809
PAT-3999,Elizabeth,Jackson,11/14/2012,Male,AB-,87906